NAME	TITLE	SCORE	
GEMIN6	gem nuclear organelle associated protein 6 [Source:HGNC Symbol;Acc:HGNC:20044]	1.0780221	
FADD	Fas associated via death domain [Source:HGNC Symbol;Acc:HGNC:3573]	0.9334395	
MRPL17	mitochondrial ribosomal protein L17 [Source:HGNC Symbol;Acc:HGNC:14053]	0.7772747	
UBXN11	UBX domain protein 11 [Source:HGNC Symbol;Acc:HGNC:30600]	0.76964146	
FAIM	Fas apoptotic inhibitory molecule [Source:HGNC Symbol;Acc:HGNC:18703]	0.68313646	
MED11	mediator complex subunit 11 [Source:HGNC Symbol;Acc:HGNC:32687]	0.6766543	
ANXA2	annexin A2 [Source:HGNC Symbol;Acc:HGNC:537]	0.6528866	
LPAR5	lysophosphatidic acid receptor 5 [Source:HGNC Symbol;Acc:HGNC:13307]	0.6412557	
MRM2	mitochondrial rRNA methyltransferase 2 [Source:HGNC Symbol;Acc:HGNC:16352]	0.63059205	
DLGAP1-AS1	DLGAP1 antisense RNA 1 [Source:HGNC Symbol;Acc:HGNC:31676]	0.6192095	
ACTL6A	actin like 6A [Source:HGNC Symbol;Acc:HGNC:24124]	0.6163437	
ASF1A	anti-silencing function 1A histone chaperone [Source:HGNC Symbol;Acc:HGNC:20995]	0.60769796	
S100A11	S100 calcium binding protein A11 [Source:HGNC Symbol;Acc:HGNC:10488]	0.58808386	
RPP25L	ribonuclease P/MRP subunit p25 like [Source:HGNC Symbol;Acc:HGNC:19909]	0.5804708	
AARS1	alanyl-tRNA synthetase 1 [Source:HGNC Symbol;Acc:HGNC:20]	0.5545153	
C14orf119	chromosome 14 open reading frame 119 [Source:HGNC Symbol;Acc:HGNC:20270]	0.5515004	
TTC9C	tetratricopeptide repeat domain 9C [Source:HGNC Symbol;Acc:HGNC:28432]	0.54973173	
S100A6	S100 calcium binding protein A6 [Source:HGNC Symbol;Acc:HGNC:10496]	0.54288	
UNC50	unc-50 inner nuclear membrane RNA binding protein [Source:HGNC Symbol;Acc:HGNC:16046]	0.5376301	
TARS1	threonyl-tRNA synthetase 1 [Source:HGNC Symbol;Acc:HGNC:11572]	0.5214951	
GYG1	glycogenin 1 [Source:HGNC Symbol;Acc:HGNC:4699]	0.520141	
APEX2	apurinic/apyrimidinic endodeoxyribonuclease 2 [Source:HGNC Symbol;Acc:HGNC:17889]	0.519243	
GLRX2	glutaredoxin 2 [Source:HGNC Symbol;Acc:HGNC:16065]	0.50666535	
CRYZ	crystallin zeta [Source:HGNC Symbol;Acc:HGNC:2419]	0.48093173	
DOK1	docking protein 1 [Source:HGNC Symbol;Acc:HGNC:2990]	0.47526464	
GSPT2	G1 to S phase transition 2 [Source:HGNC Symbol;Acc:HGNC:4622]	0.47194576	
PAGR1	PAXIP1 associated glutamate rich protein 1 [Source:HGNC Symbol;Acc:HGNC:28707]	0.47151968	
THAP11	THAP domain containing 11 [Source:HGNC Symbol;Acc:HGNC:23194]	0.4709696	
PDCD4	programmed cell death 4 [Source:HGNC Symbol;Acc:HGNC:8763]	0.46425954	
TXNDC9	thioredoxin domain containing 9 [Source:HGNC Symbol;Acc:HGNC:24110]	0.4548691	
HMOX1	heme oxygenase 1 [Source:HGNC Symbol;Acc:HGNC:5013]	0.44705674	
TMEM11	transmembrane protein 11 [Source:HGNC Symbol;Acc:HGNC:16823]	0.4434483	
RDH14	retinol dehydrogenase 14 [Source:HGNC Symbol;Acc:HGNC:19979]	0.44065973	
CARS1	cysteinyl-tRNA synthetase 1 [Source:HGNC Symbol;Acc:HGNC:1493]	0.4371752	
PEX11B	peroxisomal biogenesis factor 11 beta [Source:HGNC Symbol;Acc:HGNC:8853]	0.43504462	
CD70	CD70 molecule [Source:HGNC Symbol;Acc:HGNC:11937]	0.42993772	
VAT1	vesicle amine transport 1 [Source:HGNC Symbol;Acc:HGNC:16919]	0.42717004	
PDHB	pyruvate dehydrogenase E1 subunit beta [Source:HGNC Symbol;Acc:HGNC:8808]	0.4256691	
MRPS23	mitochondrial ribosomal protein S23 [Source:HGNC Symbol;Acc:HGNC:14509]	0.4188613	
MAEA	"macrophage erythroblast attacher, E3 ubiquitin ligase [Source:HGNC Symbol;Acc:HGNC:13731]"	0.41843325	
CHTF8	chromosome transmission fidelity factor 8 [Source:HGNC Symbol;Acc:HGNC:24353]	0.4176905	
TXN	thioredoxin [Source:HGNC Symbol;Acc:HGNC:12435]	0.41218027	
PLP2	proteolipid protein 2 [Source:HGNC Symbol;Acc:HGNC:9087]	0.4088063	
ILK	integrin linked kinase [Source:HGNC Symbol;Acc:HGNC:6040]	0.40630904	
ICAM2	intercellular adhesion molecule 2 [Source:HGNC Symbol;Acc:HGNC:5345]	0.39851603	
LYSMD2	LysM domain containing 2 [Source:HGNC Symbol;Acc:HGNC:28571]	0.3953746	
MRPS14	mitochondrial ribosomal protein S14 [Source:HGNC Symbol;Acc:HGNC:14049]	0.39513525	
POLR3K	RNA polymerase III subunit K [Source:HGNC Symbol;Acc:HGNC:14121]	0.3944126	
ARL2	ADP ribosylation factor like GTPase 2 [Source:HGNC Symbol;Acc:HGNC:693]	0.39058113	
C2orf74	chromosome 2 open reading frame 74 [Source:HGNC Symbol;Acc:HGNC:34439]	0.38746634	
ADH5	"alcohol dehydrogenase 5 (class III), chi polypeptide [Source:HGNC Symbol;Acc:HGNC:253]"	0.38661298	
TMEM60	transmembrane protein 60 [Source:HGNC Symbol;Acc:HGNC:21754]	0.38593853	
COMTD1	catechol-O-methyltransferase domain containing 1 [Source:HGNC Symbol;Acc:HGNC:26309]	0.38510138	
CCT5	chaperonin containing TCP1 subunit 5 [Source:HGNC Symbol;Acc:HGNC:1618]	0.38291022	
APOBEC3C	apolipoprotein B mRNA editing enzyme catalytic subunit 3C [Source:HGNC Symbol;Acc:HGNC:17353]	0.38195774	
NDUFA8	NADH:ubiquinone oxidoreductase subunit A8 [Source:HGNC Symbol;Acc:HGNC:7692]	0.38060084	
FKBP4	FKBP prolyl isomerase 4 [Source:HGNC Symbol;Acc:HGNC:3720]	0.37199748	
FARSA	phenylalanyl-tRNA synthetase subunit alpha [Source:HGNC Symbol;Acc:HGNC:3592]	0.3716787	
TXNDC17	thioredoxin domain containing 17 [Source:HGNC Symbol;Acc:HGNC:28218]	0.36986712	
RPS27L	ribosomal protein S27 like [Source:HGNC Symbol;Acc:HGNC:18476]	0.3645595	
PRDX3	peroxiredoxin 3 [Source:HGNC Symbol;Acc:HGNC:9354]	0.3577108	
MRPL15	mitochondrial ribosomal protein L15 [Source:HGNC Symbol;Acc:HGNC:14054]	0.35659114	
MRPS18C	mitochondrial ribosomal protein S18C [Source:HGNC Symbol;Acc:HGNC:16633]	0.35391262	
ADA	adenosine deaminase [Source:HGNC Symbol;Acc:HGNC:186]	0.35364902	
CCR7	C-C motif chemokine receptor 7 [Source:HGNC Symbol;Acc:HGNC:1608]	0.35226712	
UTP3	UTP3 small subunit processome component [Source:HGNC Symbol;Acc:HGNC:24477]	0.34909037	
MRPL36	mitochondrial ribosomal protein L36 [Source:HGNC Symbol;Acc:HGNC:14490]	0.3478176	
HDAC2	histone deacetylase 2 [Source:HGNC Symbol;Acc:HGNC:4853]	0.34594736	
MRFAP1L1	Morf4 family associated protein 1 like 1 [Source:HGNC Symbol;Acc:HGNC:28796]	0.34588096	
ANXA5	annexin A5 [Source:HGNC Symbol;Acc:HGNC:543]	0.34534356	
OAS1	2'-5'-oligoadenylate synthetase 1 [Source:HGNC Symbol;Acc:HGNC:8086]	0.3445006	
NDUFB3	NADH:ubiquinone oxidoreductase subunit B3 [Source:HGNC Symbol;Acc:HGNC:7698]	0.3420942	
ISCA2	iron-sulfur cluster assembly 2 [Source:HGNC Symbol;Acc:HGNC:19857]	0.3408667	
PFDN6	prefoldin subunit 6 [Source:HGNC Symbol;Acc:HGNC:4926]	0.34038115	
CYSTM1	cysteine rich transmembrane module containing 1 [Source:HGNC Symbol;Acc:HGNC:30239]	0.33605382	
DAXX	death domain associated protein [Source:HGNC Symbol;Acc:HGNC:2681]	0.3349602	
DPF2	double PHD fingers 2 [Source:HGNC Symbol;Acc:HGNC:9964]	0.33486682	
PDHA1	pyruvate dehydrogenase E1 subunit alpha 1 [Source:HGNC Symbol;Acc:HGNC:8806]	0.334079	
BNIP3	BCL2 interacting protein 3 [Source:HGNC Symbol;Acc:HGNC:1084]	0.33335596	
MRPS18B	mitochondrial ribosomal protein S18B [Source:HGNC Symbol;Acc:HGNC:14516]	0.33308354	
TRAPPC4	trafficking protein particle complex subunit 4 [Source:HGNC Symbol;Acc:HGNC:19943]	0.33214667	
MAT2B	methionine adenosyltransferase 2B [Source:HGNC Symbol;Acc:HGNC:6905]	0.3316447	
ADPRS	ADP-ribosylserine hydrolase [Source:HGNC Symbol;Acc:HGNC:21304]	0.3301766	
PYCARD	PYD and CARD domain containing [Source:HGNC Symbol;Acc:HGNC:16608]	0.3287218	
VKORC1	vitamin K epoxide reductase complex subunit 1 [Source:HGNC Symbol;Acc:HGNC:23663]	0.3262214	
THYN1	thymocyte nuclear protein 1 [Source:HGNC Symbol;Acc:HGNC:29560]	0.3234049	
NUDT5	nudix hydrolase 5 [Source:HGNC Symbol;Acc:HGNC:8052]	0.32259706	
SNX1	sorting nexin 1 [Source:HGNC Symbol;Acc:HGNC:11172]	0.32144922	
TRAF3IP3	TRAF3 interacting protein 3 [Source:HGNC Symbol;Acc:HGNC:30766]	0.32109234	
CHTOP	chromatin target of PRMT1 [Source:HGNC Symbol;Acc:HGNC:24511]	0.32078418	
PSMD10	"proteasome 26S subunit, non-ATPase 10 [Source:HGNC Symbol;Acc:HGNC:9555]"	0.3201449	
NAGK	N-acetylglucosamine kinase [Source:HGNC Symbol;Acc:HGNC:17174]	0.32013348	
PTPN6	protein tyrosine phosphatase non-receptor type 6 [Source:HGNC Symbol;Acc:HGNC:9658]	0.32004365	
CDC123	cell division cycle 123 [Source:HGNC Symbol;Acc:HGNC:16827]	0.3182897	
PIN4	"peptidylprolyl cis/trans isomerase, NIMA-interacting 4 [Source:HGNC Symbol;Acc:HGNC:8992]"	0.31824884	
WARS1	tryptophanyl-tRNA synthetase 1 [Source:HGNC Symbol;Acc:HGNC:12729]	0.31482184	
SNAPIN	SNAP associated protein [Source:HGNC Symbol;Acc:HGNC:17145]	0.31447104	
TTC1	tetratricopeptide repeat domain 1 [Source:HGNC Symbol;Acc:HGNC:12391]	0.3129276	
MRPL34	mitochondrial ribosomal protein L34 [Source:HGNC Symbol;Acc:HGNC:14488]	0.3079164	
CNIH4	cornichon family AMPA receptor auxiliary protein 4 [Source:HGNC Symbol;Acc:HGNC:25013]	0.30750224	
MRPS12	mitochondrial ribosomal protein S12 [Source:HGNC Symbol;Acc:HGNC:10380]	0.30702597	
SHMT2	serine hydroxymethyltransferase 2 [Source:HGNC Symbol;Acc:HGNC:10852]	0.3045826	
MRPL40	mitochondrial ribosomal protein L40 [Source:HGNC Symbol;Acc:HGNC:14491]	0.3043647	
LGALS1	galectin 1 [Source:HGNC Symbol;Acc:HGNC:6561]	0.30363312	
MRPL20	mitochondrial ribosomal protein L20 [Source:HGNC Symbol;Acc:HGNC:14478]	0.303312	
COX20	cytochrome c oxidase assembly factor COX20 [Source:HGNC Symbol;Acc:HGNC:26970]	0.30294412	
BFSP2	beaded filament structural protein 2 [Source:HGNC Symbol;Acc:HGNC:1041]	0.30177376	
PCBD1	pterin-4 alpha-carbinolamine dehydratase 1 [Source:HGNC Symbol;Acc:HGNC:8646]	0.2999864	
HPRT1	hypoxanthine phosphoribosyltransferase 1 [Source:HGNC Symbol;Acc:HGNC:5157]	0.29896814	
MRPL24	mitochondrial ribosomal protein L24 [Source:HGNC Symbol;Acc:HGNC:14037]	0.29845467	
CAPG	"capping actin protein, gelsolin like [Source:HGNC Symbol;Acc:HGNC:1474]"	0.2983991	
ALOX5	arachidonate 5-lipoxygenase [Source:HGNC Symbol;Acc:HGNC:435]	0.2953467	
VPS72	vacuolar protein sorting 72 homolog [Source:HGNC Symbol;Acc:HGNC:11644]	0.2951713	
DECR1	"2,4-dienoyl-CoA reductase 1 [Source:HGNC Symbol;Acc:HGNC:2753]"	0.29490182	
S1PR4	sphingosine-1-phosphate receptor 4 [Source:HGNC Symbol;Acc:HGNC:3170]	0.2941565	
STIP1	stress induced phosphoprotein 1 [Source:HGNC Symbol;Acc:HGNC:11387]	0.29190642	
MRPS26	mitochondrial ribosomal protein S26 [Source:HGNC Symbol;Acc:HGNC:14045]	0.29178214	
EIF2S1	eukaryotic translation initiation factor 2 subunit alpha [Source:HGNC Symbol;Acc:HGNC:3265]	0.2894903	
GPI	glucose-6-phosphate isomerase [Source:HGNC Symbol;Acc:HGNC:4458]	0.2894027	
NDUFC1	NADH:ubiquinone oxidoreductase subunit C1 [Source:HGNC Symbol;Acc:HGNC:7705]	0.28875557	
EIF4EBP1	eukaryotic translation initiation factor 4E binding protein 1 [Source:HGNC Symbol;Acc:HGNC:3288]	0.28624624	
COMMD3	COMM domain containing 3 [Source:HGNC Symbol;Acc:HGNC:23332]	0.28447264	
LDHA	lactate dehydrogenase A [Source:HGNC Symbol;Acc:HGNC:6535]	0.2841357	
RMI2	RecQ mediated genome instability 2 [Source:HGNC Symbol;Acc:HGNC:28349]	0.2830779	
SPIB	Spi-B transcription factor [Source:HGNC Symbol;Acc:HGNC:11242]	0.28161216	
ZNF706	zinc finger protein 706 [Source:HGNC Symbol;Acc:HGNC:24992]	0.28114372	
SH2B2	SH2B adaptor protein 2 [Source:HGNC Symbol;Acc:HGNC:17381]	0.28070673	
TUBB	tubulin beta class I [Source:HGNC Symbol;Acc:HGNC:20778]	0.28061113	
IKBIP	IKBKB interacting protein [Source:HGNC Symbol;Acc:HGNC:26430]	0.28037956	
LTA4H	leukotriene A4 hydrolase [Source:HGNC Symbol;Acc:HGNC:6710]	0.27981773	
PDCD5	programmed cell death 5 [Source:HGNC Symbol;Acc:HGNC:8764]	0.27877364	
SF3A3	splicing factor 3a subunit 3 [Source:HGNC Symbol;Acc:HGNC:10767]	0.2787695	
CPNE5	copine 5 [Source:HGNC Symbol;Acc:HGNC:2318]	0.2787605	
SARS1	seryl-tRNA synthetase 1 [Source:HGNC Symbol;Acc:HGNC:10537]	0.2760059	
NDUFAB1	NADH:ubiquinone oxidoreductase subunit AB1 [Source:HGNC Symbol;Acc:HGNC:7694]	0.2748113	
NDUFB6	NADH:ubiquinone oxidoreductase subunit B6 [Source:HGNC Symbol;Acc:HGNC:7701]	0.27394938	
HSBP1	heat shock factor binding protein 1 [Source:HGNC Symbol;Acc:HGNC:5203]	0.26991236	
CCDC90B	coiled-coil domain containing 90B [Source:HGNC Symbol;Acc:HGNC:28108]	0.26888305	
EMP3	epithelial membrane protein 3 [Source:HGNC Symbol;Acc:HGNC:3335]	0.26879478	
BIK	BCL2 interacting killer [Source:HGNC Symbol;Acc:HGNC:1051]	0.26756525	
KIAA0040	KIAA0040 [Source:HGNC Symbol;Acc:HGNC:28950]	0.265894	
RBX1	ring-box 1 [Source:HGNC Symbol;Acc:HGNC:9928]	0.26527882	
DCTPP1	dCTP pyrophosphatase 1 [Source:HGNC Symbol;Acc:HGNC:28777]	0.2639881	
HVCN1	hydrogen voltage gated channel 1 [Source:HGNC Symbol;Acc:HGNC:28240]	0.26317683	
RAB10	"RAB10, member RAS oncogene family [Source:HGNC Symbol;Acc:HGNC:9759]"	0.26234224	
VBP1	VHL binding protein 1 [Source:HGNC Symbol;Acc:HGNC:12662]	0.25975558	
RPA2	replication protein A2 [Source:HGNC Symbol;Acc:HGNC:10290]	0.25822374	
CHCHD1	coiled-coil-helix-coiled-coil-helix domain containing 1 [Source:HGNC Symbol;Acc:HGNC:23518]	0.25745758	
COPB2	COPI coat complex subunit beta 2 [Source:HGNC Symbol;Acc:HGNC:2232]	0.25685218	
CCT3	chaperonin containing TCP1 subunit 3 [Source:HGNC Symbol;Acc:HGNC:1616]	0.25651073	
MRPL22	mitochondrial ribosomal protein L22 [Source:HGNC Symbol;Acc:HGNC:14480]	0.25537077	
GSTO1	glutathione S-transferase omega 1 [Source:HGNC Symbol;Acc:HGNC:13312]	0.2547625	
PHAX	phosphorylated adaptor for RNA export [Source:HGNC Symbol;Acc:HGNC:10241]	0.25426742	
PSMB4	proteasome 20S subunit beta 4 [Source:HGNC Symbol;Acc:HGNC:9541]	0.25305146	
MAGED2	MAGE family member D2 [Source:HGNC Symbol;Acc:HGNC:16353]	0.2528875	
ANP32A	acidic nuclear phosphoprotein 32 family member A [Source:HGNC Symbol;Acc:HGNC:13233]	0.25257844	
LAMTOR2	"late endosomal/lysosomal adaptor, MAPK and MTOR activator 2 [Source:HGNC Symbol;Acc:HGNC:29796]"	0.25123987	
MRPL51	mitochondrial ribosomal protein L51 [Source:HGNC Symbol;Acc:HGNC:14044]	0.25120965	
AIM2	absent in melanoma 2 [Source:HGNC Symbol;Acc:HGNC:357]	0.24899997	
FMC1	formation of mitochondrial complex V assembly factor 1 homolog [Source:HGNC Symbol;Acc:HGNC:26946]	0.24796124	
TSSC4	tumor suppressing subtransferable candidate 4 [Source:HGNC Symbol;Acc:HGNC:12386]	0.24751827	
ENO1	enolase 1 [Source:HGNC Symbol;Acc:HGNC:3350]	0.24656346	
NAA20	"N-alpha-acetyltransferase 20, NatB catalytic subunit [Source:HGNC Symbol;Acc:HGNC:15908]"	0.24565746	
TMEM35B	transmembrane protein 35B [Source:HGNC Symbol;Acc:HGNC:40021]	0.24561942	
PSMA5	proteasome 20S subunit alpha 5 [Source:HGNC Symbol;Acc:HGNC:9534]	0.24503243	
IMP3	IMP U3 small nucleolar ribonucleoprotein 3 [Source:HGNC Symbol;Acc:HGNC:14497]	0.24496919	
SESN3	sestrin 3 [Source:HGNC Symbol;Acc:HGNC:23060]	0.24492839	
FCMR	Fc fragment of IgM receptor [Source:HGNC Symbol;Acc:HGNC:14315]	0.24419893	
ERH	ERH mRNA splicing and mitosis factor [Source:HGNC Symbol;Acc:HGNC:3447]	0.24393314	
COA4	cytochrome c oxidase assembly factor 4 homolog [Source:HGNC Symbol;Acc:HGNC:24604]	0.24304971	
SNRPE	small nuclear ribonucleoprotein polypeptide E [Source:HGNC Symbol;Acc:HGNC:11161]	0.24282677	
SELL	selectin L [Source:HGNC Symbol;Acc:HGNC:10720]	0.24271014	
MEAF6	MYST/Esa1 associated factor 6 [Source:HGNC Symbol;Acc:HGNC:25674]	0.24040262	
FDX1	ferredoxin 1 [Source:HGNC Symbol;Acc:HGNC:3638]	0.2399963	
NOSIP	nitric oxide synthase interacting protein [Source:HGNC Symbol;Acc:HGNC:17946]	0.23991534	
SUCLG1	succinate-CoA ligase GDP/ADP-forming subunit alpha [Source:HGNC Symbol;Acc:HGNC:11449]	0.23914032	
CDC26	cell division cycle 26 [Source:HGNC Symbol;Acc:HGNC:17839]	0.23790352	
TALDO1	transaldolase 1 [Source:HGNC Symbol;Acc:HGNC:11559]	0.23779848	
PCMT1	protein-L-isoaspartate (D-aspartate) O-methyltransferase [Source:HGNC Symbol;Acc:HGNC:8728]	0.2371112	
TWF2	twinfilin actin binding protein 2 [Source:HGNC Symbol;Acc:HGNC:9621]	0.23493518	
ACD	ACD shelterin complex subunit and telomerase recruitment factor [Source:HGNC Symbol;Acc:HGNC:25070]	0.23451626	
METTL5	"methyltransferase 5, N6-adenosine [Source:HGNC Symbol;Acc:HGNC:25006]"	0.23388764	
MRPS34	mitochondrial ribosomal protein S34 [Source:HGNC Symbol;Acc:HGNC:16618]	0.233828	
NDUFA12	NADH:ubiquinone oxidoreductase subunit A12 [Source:HGNC Symbol;Acc:HGNC:23987]	0.23316352	
AIP	aryl hydrocarbon receptor interacting protein [Source:HGNC Symbol;Acc:HGNC:358]	0.23250079	
PRPF19	pre-mRNA processing factor 19 [Source:HGNC Symbol;Acc:HGNC:17896]	0.23244457	
PDCD10	programmed cell death 10 [Source:HGNC Symbol;Acc:HGNC:8761]	0.23187903	
CLIC1	chloride intracellular channel 1 [Source:HGNC Symbol;Acc:HGNC:2062]	0.23045006	
COA3	cytochrome c oxidase assembly factor 3 [Source:HGNC Symbol;Acc:HGNC:24990]	0.23034199	
IER3IP1	immediate early response 3 interacting protein 1 [Source:HGNC Symbol;Acc:HGNC:18550]	0.23023626	
CLTA	clathrin light chain A [Source:HGNC Symbol;Acc:HGNC:2090]	0.22970638	
BANF1	BAF nuclear assembly factor 1 [Source:HGNC Symbol;Acc:HGNC:17397]	0.22903933	
TRADD	TNFRSF1A associated via death domain [Source:HGNC Symbol;Acc:HGNC:12030]	0.22885269	
CCNDBP1	cyclin D1 binding protein 1 [Source:HGNC Symbol;Acc:HGNC:1587]	0.2286988	
RNF5	ring finger protein 5 [Source:HGNC Symbol;Acc:HGNC:10068]	0.22836418	
AAMP	angio associated migratory cell protein [Source:HGNC Symbol;Acc:HGNC:18]	0.2274664	
YPEL3	yippee like 3 [Source:HGNC Symbol;Acc:HGNC:18327]	0.22583447	
CXXC5	CXXC finger protein 5 [Source:HGNC Symbol;Acc:HGNC:26943]	0.22569549	
VPS35	VPS35 retromer complex component [Source:HGNC Symbol;Acc:HGNC:13487]	0.22551817	
PFDN4	prefoldin subunit 4 [Source:HGNC Symbol;Acc:HGNC:8868]	0.2249	
PHPT1	phosphohistidine phosphatase 1 [Source:HGNC Symbol;Acc:HGNC:30033]	0.22389992	
PSMB8-AS1	PSMB8 antisense RNA 1 (head to head) [Source:HGNC Symbol;Acc:HGNC:39758]	0.22296469	
AP2S1	adaptor related protein complex 2 subunit sigma 1 [Source:HGNC Symbol;Acc:HGNC:565]	0.22221959	
PYURF	PIGY upstream open reading frame [Source:HGNC Symbol;Acc:HGNC:44317]	0.22130136	
DPY30	dpy-30 histone methyltransferase complex regulatory subunit [Source:HGNC Symbol;Acc:HGNC:24590]	0.2201827	
NSL1	NSL1 component of MIS12 kinetochore complex [Source:HGNC Symbol;Acc:HGNC:24548]	0.21998937	
ITGB1BP1	integrin subunit beta 1 binding protein 1 [Source:HGNC Symbol;Acc:HGNC:23927]	0.21979597	
PTGES3	prostaglandin E synthase 3 [Source:HGNC Symbol;Acc:HGNC:16049]	0.2188987	
CFDP1	craniofacial development protein 1 [Source:HGNC Symbol;Acc:HGNC:1873]	0.21850364	
MEA1	male-enhanced antigen 1 [Source:HGNC Symbol;Acc:HGNC:6986]	0.21841921	
MTIF3	mitochondrial translational initiation factor 3 [Source:HGNC Symbol;Acc:HGNC:29788]	0.21766086	
PSMG2	proteasome assembly chaperone 2 [Source:HGNC Symbol;Acc:HGNC:24929]	0.21679083	
ARPC5	actin related protein 2/3 complex subunit 5 [Source:HGNC Symbol;Acc:HGNC:708]	0.21597879	
TXNL1	thioredoxin like 1 [Source:HGNC Symbol;Acc:HGNC:12436]	0.21574226	
TMEM9B	TMEM9 domain family member B [Source:HGNC Symbol;Acc:HGNC:1168]	0.21498989	
GRAMD1C	GRAM domain containing 1C [Source:HGNC Symbol;Acc:HGNC:25252]	0.21480192	
PYCR2	pyrroline-5-carboxylate reductase 2 [Source:HGNC Symbol;Acc:HGNC:30262]	0.2144816	
MPLKIP	M-phase specific PLK1 interacting protein [Source:HGNC Symbol;Acc:HGNC:16002]	0.21426125	
TRIM22	tripartite motif containing 22 [Source:HGNC Symbol;Acc:HGNC:16379]	0.2141499	
PSMD4	"proteasome 26S subunit ubiquitin receptor, non-ATPase 4 [Source:HGNC Symbol;Acc:HGNC:9561]"	0.21376953	
MRPL14	mitochondrial ribosomal protein L14 [Source:HGNC Symbol;Acc:HGNC:14279]	0.21284348	
RPA3	replication protein A3 [Source:HGNC Symbol;Acc:HGNC:10291]	0.21267028	
RAB11A	"RAB11A, member RAS oncogene family [Source:HGNC Symbol;Acc:HGNC:9760]"	0.21252559	
PSMC4	"proteasome 26S subunit, ATPase 4 [Source:HGNC Symbol;Acc:HGNC:9551]"	0.21190861	
MAGOH	"mago homolog, exon junction complex subunit [Source:HGNC Symbol;Acc:HGNC:6815]"	0.21126062	
COPZ1	COPI coat complex subunit zeta 1 [Source:HGNC Symbol;Acc:HGNC:2243]	0.21109906	
LYPLAL1	lysophospholipase like 1 [Source:HGNC Symbol;Acc:HGNC:20440]	0.21104632	
G3BP1	G3BP stress granule assembly factor 1 [Source:HGNC Symbol;Acc:HGNC:30292]	0.21083418	
NSMCE1	"NSE1 homolog, SMC5-SMC6 complex component [Source:HGNC Symbol;Acc:HGNC:29897]"	0.21013962	
PHB	prohibitin [Source:HGNC Symbol;Acc:HGNC:8912]	0.20891695	
PSMB6	proteasome 20S subunit beta 6 [Source:HGNC Symbol;Acc:HGNC:9543]	0.2085492	
AP3S1	adaptor related protein complex 3 subunit sigma 1 [Source:HGNC Symbol;Acc:HGNC:2013]	0.20853363	
LYPLA2	lysophospholipase 2 [Source:HGNC Symbol;Acc:HGNC:6738]	0.20811965	
ACADM	acyl-CoA dehydrogenase medium chain [Source:HGNC Symbol;Acc:HGNC:89]	0.20777497	
C1D	C1D nuclear receptor corepressor [Source:HGNC Symbol;Acc:HGNC:29911]	0.20686868	
RNASEH2B	ribonuclease H2 subunit B [Source:HGNC Symbol;Acc:HGNC:25671]	0.20674999	
IL2RG	interleukin 2 receptor subunit gamma [Source:HGNC Symbol;Acc:HGNC:6010]	0.206604	
MRPS6	mitochondrial ribosomal protein S6 [Source:HGNC Symbol;Acc:HGNC:14051]	0.20589405	
KRCC1	lysine rich coiled-coil 1 [Source:HGNC Symbol;Acc:HGNC:28039]	0.20558691	
EPRS1	glutamyl-prolyl-tRNA synthetase 1 [Source:HGNC Symbol;Acc:HGNC:3418]	0.20493087	
AP1S2	adaptor related protein complex 1 subunit sigma 2 [Source:HGNC Symbol;Acc:HGNC:560]	0.20403144	
TSG101	tumor susceptibility 101 [Source:HGNC Symbol;Acc:HGNC:15971]	0.2036293	
DDX39B	DExD-box helicase 39B [Source:HGNC Symbol;Acc:HGNC:13917]	0.2034325	
MCUB	mitochondrial calcium uniporter dominant negative subunit beta [Source:HGNC Symbol;Acc:HGNC:26076]	0.20291403	
ATP5PF	ATP synthase peripheral stalk subunit F6 [Source:HGNC Symbol;Acc:HGNC:847]	0.20121053	
LSM6	"LSM6 homolog, U6 small nuclear RNA and mRNA degradation associated [Source:HGNC Symbol;Acc:HGNC:17017]"	0.20087077	
NDUFS3	NADH:ubiquinone oxidoreductase core subunit S3 [Source:HGNC Symbol;Acc:HGNC:7710]	0.20077676	
ATOX1	antioxidant 1 copper chaperone [Source:HGNC Symbol;Acc:HGNC:798]	0.20061533	
LSM10	"LSM10, U7 small nuclear RNA associated [Source:HGNC Symbol;Acc:HGNC:17562]"	0.20010588	
AKR1B1	aldo-keto reductase family 1 member B [Source:HGNC Symbol;Acc:HGNC:381]	0.19924773	
PSMB2	proteasome 20S subunit beta 2 [Source:HGNC Symbol;Acc:HGNC:9539]	0.19922477	
PDLIM1	PDZ and LIM domain 1 [Source:HGNC Symbol;Acc:HGNC:2067]	0.19875304	
GNG5	G protein subunit gamma 5 [Source:HGNC Symbol;Acc:HGNC:4408]	0.19860856	
PSMA4	proteasome 20S subunit alpha 4 [Source:HGNC Symbol;Acc:HGNC:9533]	0.19816272	
CCT6A	chaperonin containing TCP1 subunit 6A [Source:HGNC Symbol;Acc:HGNC:1620]	0.19758931	
EIF6	eukaryotic translation initiation factor 6 [Source:HGNC Symbol;Acc:HGNC:6159]	0.19714983	
VDAC1	voltage dependent anion channel 1 [Source:HGNC Symbol;Acc:HGNC:12669]	0.1971435	
CAPZA1	capping actin protein of muscle Z-line subunit alpha 1 [Source:HGNC Symbol;Acc:HGNC:1488]	0.19686843	
PKM	pyruvate kinase M1/2 [Source:HGNC Symbol;Acc:HGNC:9021]	0.1967457	
FLI1	"Fli-1 proto-oncogene, ETS transcription factor [Source:HGNC Symbol;Acc:HGNC:3749]"	0.1965837	
ADRM1	ADRM1 26S proteasome ubiquitin receptor [Source:HGNC Symbol;Acc:HGNC:15759]	0.1943558	
SEPHS2	selenophosphate synthetase 2 [Source:HGNC Symbol;Acc:HGNC:19686]	0.19064936	
SRP9	signal recognition particle 9 [Source:HGNC Symbol;Acc:HGNC:11304]	0.19060221	
NDUFS2	NADH:ubiquinone oxidoreductase core subunit S2 [Source:HGNC Symbol;Acc:HGNC:7708]	0.18988013	
DHRS7	dehydrogenase/reductase 7 [Source:HGNC Symbol;Acc:HGNC:21524]	0.1893229	
NDUFB5	NADH:ubiquinone oxidoreductase subunit B5 [Source:HGNC Symbol;Acc:HGNC:7700]	0.18922022	
UBL7	ubiquitin like 7 [Source:HGNC Symbol;Acc:HGNC:28221]	0.18833564	
SUGT1	"SGT1 homolog, MIS12 kinetochore complex assembly cochaperone [Source:HGNC Symbol;Acc:HGNC:16987]"	0.18740782	
ATP5PD	ATP synthase peripheral stalk subunit d [Source:HGNC Symbol;Acc:HGNC:845]	0.1869474	
NIFK	nucleolar protein interacting with the FHA domain of MKI67 [Source:HGNC Symbol;Acc:HGNC:17838]	0.18603167	
SSBP1	single stranded DNA binding protein 1 [Source:HGNC Symbol;Acc:HGNC:11317]	0.18548083	
DARS1	aspartyl-tRNA synthetase 1 [Source:HGNC Symbol;Acc:HGNC:2678]	0.18535006	
PA2G4	proliferation-associated 2G4 [Source:HGNC Symbol;Acc:HGNC:8550]	0.18437138	
THOC7	THO complex 7 [Source:HGNC Symbol;Acc:HGNC:29874]	0.1842945	
SDHC	succinate dehydrogenase complex subunit C [Source:HGNC Symbol;Acc:HGNC:10682]	0.18396983	
SUPT4H1	"SPT4 homolog, DSIF elongation factor subunit [Source:HGNC Symbol;Acc:HGNC:11467]"	0.18380934	
CPNE1	copine 1 [Source:HGNC Symbol;Acc:HGNC:2314]	0.18337688	
RAC1	Rac family small GTPase 1 [Source:HGNC Symbol;Acc:HGNC:9801]	0.18308546	
PSMD6	"proteasome 26S subunit, non-ATPase 6 [Source:HGNC Symbol;Acc:HGNC:9564]"	0.18221079	
PDCD2	programmed cell death 2 [Source:HGNC Symbol;Acc:HGNC:8762]	0.18204156	
RCSD1	RCSD domain containing 1 [Source:HGNC Symbol;Acc:HGNC:28310]	0.1820397	
SH3BGRL3	SH3 domain binding glutamate rich protein like 3 [Source:HGNC Symbol;Acc:HGNC:15568]	0.18190165	
CLPP	caseinolytic mitochondrial matrix peptidase proteolytic subunit [Source:HGNC Symbol;Acc:HGNC:2084]	0.18169218	
VAMP8	vesicle associated membrane protein 8 [Source:HGNC Symbol;Acc:HGNC:12647]	0.18134913	
ANXA7	annexin A7 [Source:HGNC Symbol;Acc:HGNC:545]	0.17820641	
GMFG	glia maturation factor gamma [Source:HGNC Symbol;Acc:HGNC:4374]	0.17806287	
ACTR3	actin related protein 3 [Source:HGNC Symbol;Acc:HGNC:170]	0.17664896	
NDUFV2	NADH:ubiquinone oxidoreductase core subunit V2 [Source:HGNC Symbol;Acc:HGNC:7717]	0.1763866	
ISCU	iron-sulfur cluster assembly enzyme [Source:HGNC Symbol;Acc:HGNC:29882]	0.17636009	
JCHAIN	joining chain of multimeric IgA and IgM [Source:HGNC Symbol;Acc:HGNC:5713]	0.17589481	
SUMO1	small ubiquitin like modifier 1 [Source:HGNC Symbol;Acc:HGNC:12502]	0.17518468	
CCM2	CCM2 scaffold protein [Source:HGNC Symbol;Acc:HGNC:21708]	0.1747527	
SF3B4	splicing factor 3b subunit 4 [Source:HGNC Symbol;Acc:HGNC:10771]	0.1739923	
PPDPF	pancreatic progenitor cell differentiation and proliferation factor [Source:HGNC Symbol;Acc:HGNC:16142]	0.17394114	
UBA2	ubiquitin like modifier activating enzyme 2 [Source:HGNC Symbol;Acc:HGNC:30661]	0.17371093	
HMGN4	high mobility group nucleosomal binding domain 4 [Source:HGNC Symbol;Acc:HGNC:4989]	0.17230517	
TPI1	triosephosphate isomerase 1 [Source:HGNC Symbol;Acc:HGNC:12009]	0.17168096	
PGK1	phosphoglycerate kinase 1 [Source:HGNC Symbol;Acc:HGNC:8896]	0.17152964	
CCT8	chaperonin containing TCP1 subunit 8 [Source:HGNC Symbol;Acc:HGNC:1623]	0.17110868	
PPP1R18	protein phosphatase 1 regulatory subunit 18 [Source:HGNC Symbol;Acc:HGNC:29413]	0.16984552	
NDUFS6	NADH:ubiquinone oxidoreductase subunit S6 [Source:HGNC Symbol;Acc:HGNC:7713]	0.16952775	
PSMA2	proteasome 20S subunit alpha 2 [Source:HGNC Symbol;Acc:HGNC:9531]	0.16940147	
CIAO2A	cytosolic iron-sulfur assembly component 2A [Source:HGNC Symbol;Acc:HGNC:26235]	0.16827227	
NDUFC2	NADH:ubiquinone oxidoreductase subunit C2 [Source:HGNC Symbol;Acc:HGNC:7706]	0.16805072	
GDI2	GDP dissociation inhibitor 2 [Source:HGNC Symbol;Acc:HGNC:4227]	0.16713306	
SRI	sorcin [Source:HGNC Symbol;Acc:HGNC:11292]	0.16690253	
BRK1	BRICK1 subunit of SCAR/WAVE actin nucleating complex [Source:HGNC Symbol;Acc:HGNC:23057]	0.16678856	
SEC13	"SEC13 homolog, nuclear pore and COPII coat complex component [Source:HGNC Symbol;Acc:HGNC:10697]"	0.1665782	
YIPF3	Yip1 domain family member 3 [Source:HGNC Symbol;Acc:HGNC:21023]	0.16604137	
NDUFA6	NADH:ubiquinone oxidoreductase subunit A6 [Source:HGNC Symbol;Acc:HGNC:7690]	0.16532125	
SNRPG	small nuclear ribonucleoprotein polypeptide G [Source:HGNC Symbol;Acc:HGNC:11163]	0.16464199	
GADD45GIP1	GADD45G interacting protein 1 [Source:HGNC Symbol;Acc:HGNC:29996]	0.16393839	
TNFAIP8	TNF alpha induced protein 8 [Source:HGNC Symbol;Acc:HGNC:17260]	0.1635411	
UGP2	UDP-glucose pyrophosphorylase 2 [Source:HGNC Symbol;Acc:HGNC:12527]	0.16239706	
AATF	apoptosis antagonizing transcription factor [Source:HGNC Symbol;Acc:HGNC:19235]	0.16237997	
HNRNPF	heterogeneous nuclear ribonucleoprotein F [Source:HGNC Symbol;Acc:HGNC:5039]	0.16210692	
NDUFB4	NADH:ubiquinone oxidoreductase subunit B4 [Source:HGNC Symbol;Acc:HGNC:7699]	0.16049524	
GHITM	growth hormone inducible transmembrane protein [Source:HGNC Symbol;Acc:HGNC:17281]	0.16009106	
MDH1	malate dehydrogenase 1 [Source:HGNC Symbol;Acc:HGNC:6970]	0.15950026	
OSTF1	osteoclast stimulating factor 1 [Source:HGNC Symbol;Acc:HGNC:8510]	0.1589819	
SMARCE1	"SWI/SNF related, matrix associated, actin dependent regulator of chromatin, subfamily e, member 1 [Source:HGNC Symbol;Acc:HGNC:11109]"	0.15878184	
GRHPR	glyoxylate and hydroxypyruvate reductase [Source:HGNC Symbol;Acc:HGNC:4570]	0.15836953	
CAP1	cyclase associated actin cytoskeleton regulatory protein 1 [Source:HGNC Symbol;Acc:HGNC:20040]	0.15699163	
NDUFB10	NADH:ubiquinone oxidoreductase subunit B10 [Source:HGNC Symbol;Acc:HGNC:7696]	0.15680753	
SSNA1	SS nuclear autoantigen 1 [Source:HGNC Symbol;Acc:HGNC:11321]	0.15588653	
SDHD	succinate dehydrogenase complex subunit D [Source:HGNC Symbol;Acc:HGNC:10683]	0.15494037	
TBC1D10C	TBC1 domain family member 10C [Source:HGNC Symbol;Acc:HGNC:24702]	0.1533947	
PSMA1	proteasome 20S subunit alpha 1 [Source:HGNC Symbol;Acc:HGNC:9530]	0.15333365	
CHMP2A	charged multivesicular body protein 2A [Source:HGNC Symbol;Acc:HGNC:30216]	0.15309478	
HAX1	HCLS1 associated protein X-1 [Source:HGNC Symbol;Acc:HGNC:16915]	0.15250108	
PCBP1	poly(rC) binding protein 1 [Source:HGNC Symbol;Acc:HGNC:8647]	0.15191138	
UBE2I	ubiquitin conjugating enzyme E2 I [Source:HGNC Symbol;Acc:HGNC:12485]	0.15145053	
CORO1A	coronin 1A [Source:HGNC Symbol;Acc:HGNC:2252]	0.15138713	
SEC61G	SEC61 translocon subunit gamma [Source:HGNC Symbol;Acc:HGNC:18277]	0.15087683	
MRPL52	mitochondrial ribosomal protein L52 [Source:HGNC Symbol;Acc:HGNC:16655]	0.15017587	
PSMA6	proteasome 20S subunit alpha 6 [Source:HGNC Symbol;Acc:HGNC:9535]	0.1476705	
COX5B	cytochrome c oxidase subunit 5B [Source:HGNC Symbol;Acc:HGNC:2269]	0.14721085	
DAD1	defender against cell death 1 [Source:HGNC Symbol;Acc:HGNC:2664]	0.14661811	
ATP5F1A	ATP synthase F1 subunit alpha [Source:HGNC Symbol;Acc:HGNC:823]	0.14396898	
CCT7	chaperonin containing TCP1 subunit 7 [Source:HGNC Symbol;Acc:HGNC:1622]	0.14190118	
RAN	"RAN, member RAS oncogene family [Source:HGNC Symbol;Acc:HGNC:9846]"	0.13614018	
TRMT112	tRNA methyltransferase activator subunit 11-2 [Source:HGNC Symbol;Acc:HGNC:26940]	0.13547058	
LSP1	lymphocyte specific protein 1 [Source:HGNC Symbol;Acc:HGNC:6707]	0.13155131	
SOD1	superoxide dismutase 1 [Source:HGNC Symbol;Acc:HGNC:11179]	0.13015093	
GSTP1	glutathione S-transferase pi 1 [Source:HGNC Symbol;Acc:HGNC:4638]	0.12883416	
COX6B1	cytochrome c oxidase subunit 6B1 [Source:HGNC Symbol;Acc:HGNC:2280]	0.12319112	
MYL12B	myosin light chain 12B [Source:HGNC Symbol;Acc:HGNC:29827]	0.122351274	
MYL12A	myosin light chain 12A [Source:HGNC Symbol;Acc:HGNC:16701]	0.10953158	
GAPDH	glyceraldehyde-3-phosphate dehydrogenase [Source:HGNC Symbol;Acc:HGNC:4141]	0.101571366	
UCHL1	ubiquitin C-terminal hydrolase L1 [Source:HGNC Symbol;Acc:HGNC:12513]	0.08817789	
NLRP4	NLR family pyrin domain containing 4 [Source:HGNC Symbol;Acc:HGNC:22943]	0.071676426	
CD9	CD9 molecule [Source:HGNC Symbol;Acc:HGNC:1709]	0.06439528	
RPL39	ribosomal protein L39 [Source:HGNC Symbol;Acc:HGNC:10350]	-0.080044866	
RPS15A	ribosomal protein S15a [Source:HGNC Symbol;Acc:HGNC:10389]	-0.081058025	
DDX3Y	DEAD-box helicase 3 Y-linked [Source:HGNC Symbol;Acc:HGNC:2699]	-0.09832961	
RPL34	ribosomal protein L34 [Source:HGNC Symbol;Acc:HGNC:10340]	-0.104111485	
SLC25A5	solute carrier family 25 member 5 [Source:HGNC Symbol;Acc:HGNC:10991]	-0.10908013	
EEF1D	eukaryotic translation elongation factor 1 delta [Source:HGNC Symbol;Acc:HGNC:3211]	-0.111648925	
RPL21	ribosomal protein L21 [Source:HGNC Symbol;Acc:HGNC:10313]	-0.11457848	
LAPTM5	lysosomal protein transmembrane 5 [Source:HGNC Symbol;Acc:HGNC:29612]	-0.116561785	
EIF4A1	eukaryotic translation initiation factor 4A1 [Source:HGNC Symbol;Acc:HGNC:3282]	-0.12574412	
TMEM243	transmembrane protein 243 [Source:HGNC Symbol;Acc:HGNC:21707]	-0.13503961	
RPS20	ribosomal protein S20 [Source:HGNC Symbol;Acc:HGNC:10405]	-0.13927282	
ST6GAL1	"ST6 beta-galactoside alpha-2,6-sialyltransferase 1 [Source:HGNC Symbol;Acc:HGNC:10860]"	-0.14496438	
EML6	EMAP like 6 [Source:HGNC Symbol;Acc:HGNC:35412]	-0.14698587	
KMT2E	lysine methyltransferase 2E (inactive) [Source:HGNC Symbol;Acc:HGNC:18541]	-0.14783832	
SNHG6	small nucleolar RNA host gene 6 [Source:HGNC Symbol;Acc:HGNC:32965]	-0.1500428	
MBNL1	muscleblind like splicing regulator 1 [Source:HGNC Symbol;Acc:HGNC:6923]	-0.15138648	
SAP18	Sin3A associated protein 18 [Source:HGNC Symbol;Acc:HGNC:10530]	-0.15349276	
PNN	"pinin, desmosome associated protein [Source:HGNC Symbol;Acc:HGNC:9162]"	-0.1550407	
RNASET2	ribonuclease T2 [Source:HGNC Symbol;Acc:HGNC:21686]	-0.15616116	
DAZAP2	DAZ associated protein 2 [Source:HGNC Symbol;Acc:HGNC:2684]	-0.15836556	
NSD3	nuclear receptor binding SET domain protein 3 [Source:HGNC Symbol;Acc:HGNC:12767]	-0.15900108	
STK4	serine/threonine kinase 4 [Source:HGNC Symbol;Acc:HGNC:11408]	-0.15969189	
HLA-E	"major histocompatibility complex, class I, E [Source:HGNC Symbol;Acc:HGNC:4962]"	-0.16166663	
AKAP13	A-kinase anchoring protein 13 [Source:HGNC Symbol;Acc:HGNC:371]	-0.16210718	
RBM25	RNA binding motif protein 25 [Source:HGNC Symbol;Acc:HGNC:23244]	-0.16403523	
CAMK2D	calcium/calmodulin dependent protein kinase II delta [Source:HGNC Symbol;Acc:HGNC:1462]	-0.16563627	
HSPA4	heat shock protein family A (Hsp70) member 4 [Source:HGNC Symbol;Acc:HGNC:5237]	-0.16730332	
UVRAG	UV radiation resistance associated [Source:HGNC Symbol;Acc:HGNC:12640]	-0.16799729	
PPP2R5C	protein phosphatase 2 regulatory subunit B'gamma [Source:HGNC Symbol;Acc:HGNC:9311]	-0.1682035	
RBMX	RNA binding motif protein X-linked [Source:HGNC Symbol;Acc:HGNC:9910]	-0.16848998	
LNPEP	leucyl and cystinyl aminopeptidase [Source:HGNC Symbol;Acc:HGNC:6656]	-0.16856578	
LCP1	lymphocyte cytosolic protein 1 [Source:HGNC Symbol;Acc:HGNC:6528]	-0.16950397	
SARAF	store-operated calcium entry associated regulatory factor [Source:HGNC Symbol;Acc:HGNC:28789]	-0.17121588	
ARID4B	AT-rich interaction domain 4B [Source:HGNC Symbol;Acc:HGNC:15550]	-0.17361313	
MEF2B	myocyte enhancer factor 2B [Source:HGNC Symbol;Acc:HGNC:6995]	-0.1743029	
SRSF3	serine and arginine rich splicing factor 3 [Source:HGNC Symbol;Acc:HGNC:10785]	-0.17775512	
ATP2B1	ATPase plasma membrane Ca2+ transporting 1 [Source:HGNC Symbol;Acc:HGNC:814]	-0.18120956	
MIR3681HG	MIR3681 host gene [Source:HGNC Symbol;Acc:HGNC:52001]	-0.18301703	
HNRNPDL	heterogeneous nuclear ribonucleoprotein D like [Source:HGNC Symbol;Acc:HGNC:5037]	-0.18567051	
SRRM2	serine/arginine repetitive matrix 2 [Source:HGNC Symbol;Acc:HGNC:16639]	-0.18660204	
ARHGDIA	Rho GDP dissociation inhibitor alpha [Source:HGNC Symbol;Acc:HGNC:678]	-0.18784612	
BACH2	BTB domain and CNC homolog 2 [Source:HGNC Symbol;Acc:HGNC:14078]	-0.19183202	
PPP1R10	protein phosphatase 1 regulatory subunit 10 [Source:HGNC Symbol;Acc:HGNC:9284]	-0.19287059	
ELOVL5	ELOVL fatty acid elongase 5 [Source:HGNC Symbol;Acc:HGNC:21308]	-0.19485527	
WIPF1	WAS/WASL interacting protein family member 1 [Source:HGNC Symbol;Acc:HGNC:12736]	-0.19519418	
ARHGAP4	Rho GTPase activating protein 4 [Source:HGNC Symbol;Acc:HGNC:674]	-0.19561088	
ZEB2	zinc finger E-box binding homeobox 2 [Source:HGNC Symbol;Acc:HGNC:14881]	-0.19841824	
ZNF608	zinc finger protein 608 [Source:HGNC Symbol;Acc:HGNC:29238]	-0.19987224	
EIF1B	eukaryotic translation initiation factor 1B [Source:HGNC Symbol;Acc:HGNC:30792]	-0.20042437	
ZC3HAV1	"zinc finger CCCH-type containing, antiviral 1 [Source:HGNC Symbol;Acc:HGNC:23721]"	-0.20135657	
DRAM2	DNA damage regulated autophagy modulator 2 [Source:HGNC Symbol;Acc:HGNC:28769]	-0.20176946	
ASH1L	ASH1 like histone lysine methyltransferase [Source:HGNC Symbol;Acc:HGNC:19088]	-0.20357226	
MTCH1	mitochondrial carrier 1 [Source:HGNC Symbol;Acc:HGNC:17586]	-0.2058712	
MTRNR2L12	MT-RNR2 like 12 [Source:HGNC Symbol;Acc:HGNC:37169]	-0.20604141	
PRDM2	PR/SET domain 2 [Source:HGNC Symbol;Acc:HGNC:9347]	-0.20834626	
SEL1L3	SEL1L family member 3 [Source:HGNC Symbol;Acc:HGNC:29108]	-0.20948777	
ELL3	elongation factor for RNA polymerase II 3 [Source:HGNC Symbol;Acc:HGNC:23113]	-0.2097739	
ATF7IP	activating transcription factor 7 interacting protein [Source:HGNC Symbol;Acc:HGNC:20092]	-0.21302222	
CD48	CD48 molecule [Source:HGNC Symbol;Acc:HGNC:1683]	-0.21369663	
SNX29	sorting nexin 29 [Source:HGNC Symbol;Acc:HGNC:30542]	-0.21405424	
SSH2	slingshot protein phosphatase 2 [Source:HGNC Symbol;Acc:HGNC:30580]	-0.2146967	
LHPP	phospholysine phosphohistidine inorganic pyrophosphate phosphatase [Source:HGNC Symbol;Acc:HGNC:30042]	-0.2164405	
MFHAS1	multifunctional ROCO family signaling regulator 1 [Source:HGNC Symbol;Acc:HGNC:16982]	-0.21858303	
ATP6V0C	ATPase H+ transporting V0 subunit c [Source:HGNC Symbol;Acc:HGNC:855]	-0.21957183	
CHD2	chromodomain helicase DNA binding protein 2 [Source:HGNC Symbol;Acc:HGNC:1917]	-0.22085781	
ARGLU1	arginine and glutamate rich 1 [Source:HGNC Symbol;Acc:HGNC:25482]	-0.22145467	
RB1	RB transcriptional corepressor 1 [Source:HGNC Symbol;Acc:HGNC:9884]	-0.2219928	
BCL2	BCL2 apoptosis regulator [Source:HGNC Symbol;Acc:HGNC:990]	-0.22403051	
SMAP2	small ArfGAP2 [Source:HGNC Symbol;Acc:HGNC:25082]	-0.22411813	
USP34	ubiquitin specific peptidase 34 [Source:HGNC Symbol;Acc:HGNC:20066]	-0.22613735	
HIF1A	hypoxia inducible factor 1 subunit alpha [Source:HGNC Symbol;Acc:HGNC:4910]	-0.22787218	
RASGRP3	RAS guanyl releasing protein 3 [Source:HGNC Symbol;Acc:HGNC:14545]	-0.22826132	
FCRL1	Fc receptor like 1 [Source:HGNC Symbol;Acc:HGNC:18509]	-0.22838177	
RELB	"RELB proto-oncogene, NF-kB subunit [Source:HGNC Symbol;Acc:HGNC:9956]"	-0.22988155	
IFT57	intraflagellar transport 57 [Source:HGNC Symbol;Acc:HGNC:17367]	-0.23030956	
MARCKSL1	MARCKS like 1 [Source:HGNC Symbol;Acc:HGNC:7142]	-0.23104416	
CD22	CD22 molecule [Source:HGNC Symbol;Acc:HGNC:1643]	-0.23158675	
AZIN1	antizyme inhibitor 1 [Source:HGNC Symbol;Acc:HGNC:16432]	-0.23316552	
DDX6	DEAD-box helicase 6 [Source:HGNC Symbol;Acc:HGNC:2747]	-0.23412618	
USP15	ubiquitin specific peptidase 15 [Source:HGNC Symbol;Acc:HGNC:12613]	-0.23659828	
UGCG	UDP-glucose ceramide glucosyltransferase [Source:HGNC Symbol;Acc:HGNC:12524]	-0.2377846	
NGRN	"neugrin, neurite outgrowth associated [Source:HGNC Symbol;Acc:HGNC:18077]"	-0.23984692	
HLA-F	"major histocompatibility complex, class I, F [Source:HGNC Symbol;Acc:HGNC:4963]"	-0.24142894	
TOR3A	torsin family 3 member A [Source:HGNC Symbol;Acc:HGNC:11997]	-0.2421075	
WTAP	WT1 associated protein [Source:HGNC Symbol;Acc:HGNC:16846]	-0.24215738	
TAPBP	TAP binding protein [Source:HGNC Symbol;Acc:HGNC:11566]	-0.24271946	
ITGA4	integrin subunit alpha 4 [Source:HGNC Symbol;Acc:HGNC:6140]	-0.24276544	
HNRNPA0	heterogeneous nuclear ribonucleoprotein A0 [Source:HGNC Symbol;Acc:HGNC:5030]	-0.24476236	
CDKN1B	cyclin dependent kinase inhibitor 1B [Source:HGNC Symbol;Acc:HGNC:1785]	-0.24657413	
MSI2	musashi RNA binding protein 2 [Source:HGNC Symbol;Acc:HGNC:18585]	-0.25026745	
ELMO1	engulfment and cell motility 1 [Source:HGNC Symbol;Acc:HGNC:16286]	-0.25348005	
BDP1	"B double prime 1, subunit of RNA polymerase III transcription initiation factor IIIB [Source:HGNC Symbol;Acc:HGNC:13652]"	-0.25480428	
ATP2A3	ATPase sarcoplasmic/endoplasmic reticulum Ca2+ transporting 3 [Source:HGNC Symbol;Acc:HGNC:813]	-0.2552437	
RC3H1	ring finger and CCCH-type domains 1 [Source:HGNC Symbol;Acc:HGNC:29434]	-0.25563422	
GPCPD1	glycerophosphocholine phosphodiesterase 1 [Source:HGNC Symbol;Acc:HGNC:26957]	-0.25659978	
TMEM131L	transmembrane 131 like [Source:HGNC Symbol;Acc:HGNC:29146]	-0.25708765	
ATP1A1	ATPase Na+/K+ transporting subunit alpha 1 [Source:HGNC Symbol;Acc:HGNC:799]	-0.2577594	
SLBP	stem-loop binding protein [Source:HGNC Symbol;Acc:HGNC:10904]	-0.25825828	
UBB	ubiquitin B [Source:HGNC Symbol;Acc:HGNC:12463]	-0.25918555	
DNAJC10	DnaJ heat shock protein family (Hsp40) member C10 [Source:HGNC Symbol;Acc:HGNC:24637]	-0.25991377	
CNR1	cannabinoid receptor 1 [Source:HGNC Symbol;Acc:HGNC:2159]	-0.2603648	
CWC25	CWC25 spliceosome associated protein homolog [Source:HGNC Symbol;Acc:HGNC:25989]	-0.2606556	
CYTIP	cytohesin 1 interacting protein [Source:HGNC Symbol;Acc:HGNC:9506]	-0.2620461	
GABARAPL1	GABA type A receptor associated protein like 1 [Source:HGNC Symbol;Acc:HGNC:4068]	-0.26652834	
ADAM28	ADAM metallopeptidase domain 28 [Source:HGNC Symbol;Acc:HGNC:206]	-0.2679496	
MEF2A	myocyte enhancer factor 2A [Source:HGNC Symbol;Acc:HGNC:6993]	-0.26832998	
ZNF821	zinc finger protein 821 [Source:HGNC Symbol;Acc:HGNC:28043]	-0.26863888	
FCHSD2	FCH and double SH3 domains 2 [Source:HGNC Symbol;Acc:HGNC:29114]	-0.2693817	
KLHL24	kelch like family member 24 [Source:HGNC Symbol;Acc:HGNC:25947]	-0.26943058	
AKIRIN2	akirin 2 [Source:HGNC Symbol;Acc:HGNC:21407]	-0.2701942	
BSDC1	BSD domain containing 1 [Source:HGNC Symbol;Acc:HGNC:25501]	-0.2711669	
ARID5B	AT-rich interaction domain 5B [Source:HGNC Symbol;Acc:HGNC:17362]	-0.27134693	
RANBP2	RAN binding protein 2 [Source:HGNC Symbol;Acc:HGNC:9848]	-0.27139756	
GABPB1-AS1	GABPB1 antisense RNA 1 [Source:HGNC Symbol;Acc:HGNC:44157]	-0.2717123	
PPP1R2	protein phosphatase 1 regulatory inhibitor subunit 2 [Source:HGNC Symbol;Acc:HGNC:9288]	-0.27174535	
CBLB	Cbl proto-oncogene B [Source:HGNC Symbol;Acc:HGNC:1542]	-0.27277777	
ELF1	E74 like ETS transcription factor 1 [Source:HGNC Symbol;Acc:HGNC:3316]	-0.27314088	
ERAP2	endoplasmic reticulum aminopeptidase 2 [Source:HGNC Symbol;Acc:HGNC:29499]	-0.27334753	
TMX4	thioredoxin related transmembrane protein 4 [Source:HGNC Symbol;Acc:HGNC:25237]	-0.28040975	
ADAM19	ADAM metallopeptidase domain 19 [Source:HGNC Symbol;Acc:HGNC:197]	-0.2868545	
TRAF5	TNF receptor associated factor 5 [Source:HGNC Symbol;Acc:HGNC:12035]	-0.28841886	
MDM4	MDM4 regulator of p53 [Source:HGNC Symbol;Acc:HGNC:6974]	-0.29070818	
WSB1	WD repeat and SOCS box containing 1 [Source:HGNC Symbol;Acc:HGNC:19221]	-0.29136553	
GNG2	G protein subunit gamma 2 [Source:HGNC Symbol;Acc:HGNC:4404]	-0.29297504	
EAF2	ELL associated factor 2 [Source:HGNC Symbol;Acc:HGNC:23115]	-0.2943825	
P2RX5	purinergic receptor P2X 5 [Source:HGNC Symbol;Acc:HGNC:8536]	-0.29524916	
SUGCT	succinyl-CoA:glutarate-CoA transferase [Source:HGNC Symbol;Acc:HGNC:16001]	-0.29597664	
MAP4K4	mitogen-activated protein kinase kinase kinase kinase 4 [Source:HGNC Symbol;Acc:HGNC:6866]	-0.29704803	
IQGAP1	IQ motif containing GTPase activating protein 1 [Source:HGNC Symbol;Acc:HGNC:6110]	-0.2980519	
PRDM15	PR/SET domain 15 [Source:HGNC Symbol;Acc:HGNC:13999]	-0.30151966	
ILF3-DT	ILF3 divergent transcript [Source:HGNC Symbol;Acc:HGNC:27115]	-0.30176634	
ARL6IP1	ADP ribosylation factor like GTPase 6 interacting protein 1 [Source:HGNC Symbol;Acc:HGNC:697]	-0.30235428	
TTN	titin [Source:HGNC Symbol;Acc:HGNC:12403]	-0.3027601	
EPC1	enhancer of polycomb homolog 1 [Source:HGNC Symbol;Acc:HGNC:19876]	-0.30397767	
USP6NL	USP6 N-terminal like [Source:HGNC Symbol;Acc:HGNC:16858]	-0.3048526	
LUC7L	LUC7 like [Source:HGNC Symbol;Acc:HGNC:6723]	-0.30512205	
RNMT	RNA guanine-7 methyltransferase [Source:HGNC Symbol;Acc:HGNC:10075]	-0.3075736	
RNF144B	ring finger protein 144B [Source:HGNC Symbol;Acc:HGNC:21578]	-0.30772874	
CIRBP	cold inducible RNA binding protein [Source:HGNC Symbol;Acc:HGNC:1982]	-0.30936605	
TUT7	terminal uridylyl transferase 7 [Source:HGNC Symbol;Acc:HGNC:25817]	-0.30958706	
EML4	EMAP like 4 [Source:HGNC Symbol;Acc:HGNC:1316]	-0.31016335	
CENPC	centromere protein C [Source:HGNC Symbol;Acc:HGNC:1854]	-0.31142813	
CD72	CD72 molecule [Source:HGNC Symbol;Acc:HGNC:1696]	-0.3116785	
ALOX12-AS1	ALOX12 antisense RNA 1 [Source:HGNC Symbol;Acc:HGNC:51342]	-0.31281835	
GNA13	G protein subunit alpha 13 [Source:HGNC Symbol;Acc:HGNC:4381]	-0.31527707	
SNHG5	small nucleolar RNA host gene 5 [Source:HGNC Symbol;Acc:HGNC:21026]	-0.31579667	
CYRIA	CYFIP related Rac1 interactor A [Source:HGNC Symbol;Acc:HGNC:25373]	-0.3178848	
H1-10	H1.10 linker histone [Source:HGNC Symbol;Acc:HGNC:4722]	-0.3186567	
CCDC59	coiled-coil domain containing 59 [Source:HGNC Symbol;Acc:HGNC:25005]	-0.3230207	
HBP1	HMG-box transcription factor 1 [Source:HGNC Symbol;Acc:HGNC:23200]	-0.32382587	
CDK13	cyclin dependent kinase 13 [Source:HGNC Symbol;Acc:HGNC:1733]	-0.32441697	
ASXL1	ASXL transcriptional regulator 1 [Source:HGNC Symbol;Acc:HGNC:18318]	-0.32597438	
TACC1	transforming acidic coiled-coil containing protein 1 [Source:HGNC Symbol;Acc:HGNC:11522]	-0.32736862	
RNF145	ring finger protein 145 [Source:HGNC Symbol;Acc:HGNC:20853]	-0.32765153	
FADS3	fatty acid desaturase 3 [Source:HGNC Symbol;Acc:HGNC:3576]	-0.33358058	
FNBP4	formin binding protein 4 [Source:HGNC Symbol;Acc:HGNC:19752]	-0.33698756	
PRNP	prion protein [Source:HGNC Symbol;Acc:HGNC:9449]	-0.33714333	
BCL2A1	BCL2 related protein A1 [Source:HGNC Symbol;Acc:HGNC:991]	-0.33951947	
FAM214A	family with sequence similarity 214 member A [Source:HGNC Symbol;Acc:HGNC:25609]	-0.34294838	
PHTF2	putative homeodomain transcription factor 2 [Source:HGNC Symbol;Acc:HGNC:13411]	-0.34401926	
CD84	CD84 molecule [Source:HGNC Symbol;Acc:HGNC:1704]	-0.34628493	
RNF138	ring finger protein 138 [Source:HGNC Symbol;Acc:HGNC:17765]	-0.35069218	
EPB41L4A-AS1	EPB41L4A antisense RNA 1 [Source:HGNC Symbol;Acc:HGNC:30749]	-0.3507802	
MAPK1IP1L	mitogen-activated protein kinase 1 interacting protein 1 like [Source:HGNC Symbol;Acc:HGNC:19840]	-0.35353532	
BCLAF1	BCL2 associated transcription factor 1 [Source:HGNC Symbol;Acc:HGNC:16863]	-0.35364097	
JMJD1C	jumonji domain containing 1C [Source:HGNC Symbol;Acc:HGNC:12313]	-0.35711557	
ZNF791	zinc finger protein 791 [Source:HGNC Symbol;Acc:HGNC:26895]	-0.3590159	
SRSF2	serine and arginine rich splicing factor 2 [Source:HGNC Symbol;Acc:HGNC:10783]	-0.36591557	
USP36	ubiquitin specific peptidase 36 [Source:HGNC Symbol;Acc:HGNC:20062]	-0.3680056	
DENND3	DENN domain containing 3 [Source:HGNC Symbol;Acc:HGNC:29134]	-0.370177	
PIKFYVE	"phosphoinositide kinase, FYVE-type zinc finger containing [Source:HGNC Symbol;Acc:HGNC:23785]"	-0.37333265	
MACF1	microtubule actin crosslinking factor 1 [Source:HGNC Symbol;Acc:HGNC:13664]	-0.373979	
PRPSAP2	phosphoribosyl pyrophosphate synthetase associated protein 2 [Source:HGNC Symbol;Acc:HGNC:9467]	-0.37450895	
LDLRAD4	low density lipoprotein receptor class A domain containing 4 [Source:HGNC Symbol;Acc:HGNC:1224]	-0.3775045	
RBM7	RNA binding motif protein 7 [Source:HGNC Symbol;Acc:HGNC:9904]	-0.3798346	
MARCHF6	membrane associated ring-CH-type finger 6 [Source:HGNC Symbol;Acc:HGNC:30550]	-0.3812144	
C1orf52	chromosome 1 open reading frame 52 [Source:HGNC Symbol;Acc:HGNC:24871]	-0.38329217	
RAB30	"RAB30, member RAS oncogene family [Source:HGNC Symbol;Acc:HGNC:9770]"	-0.38343996	
CXCR5	C-X-C motif chemokine receptor 5 [Source:HGNC Symbol;Acc:HGNC:1060]	-0.38692018	
MON2	"MON2 homolog, regulator of endosome-to-Golgi trafficking [Source:HGNC Symbol;Acc:HGNC:29177]"	-0.39039576	
PTPN7	protein tyrosine phosphatase non-receptor type 7 [Source:HGNC Symbol;Acc:HGNC:9659]	-0.3904264	
CHD1	chromodomain helicase DNA binding protein 1 [Source:HGNC Symbol;Acc:HGNC:1915]	-0.39098507	
TAF11	TATA-box binding protein associated factor 11 [Source:HGNC Symbol;Acc:HGNC:11544]	-0.39126074	
HOTAIRM1	"HOXA transcript antisense RNA, myeloid-specific 1 [Source:HGNC Symbol;Acc:HGNC:37117]"	-0.39312157	
MZB1	marginal zone B and B1 cell specific protein [Source:HGNC Symbol;Acc:HGNC:30125]	-0.39320543	
RIPK2	receptor interacting serine/threonine kinase 2 [Source:HGNC Symbol;Acc:HGNC:10020]	-0.39792153	
SAMSN1	"SAM domain, SH3 domain and nuclear localization signals 1 [Source:HGNC Symbol;Acc:HGNC:10528]"	-0.39968592	
FOXO1	forkhead box O1 [Source:HGNC Symbol;Acc:HGNC:3819]	-0.40013623	
SEC14L1	SEC14 like lipid binding 1 [Source:HGNC Symbol;Acc:HGNC:10698]	-0.40166223	
CCNH	cyclin H [Source:HGNC Symbol;Acc:HGNC:1594]	-0.40767825	
DMXL1	Dmx like 1 [Source:HGNC Symbol;Acc:HGNC:2937]	-0.40899053	
RBM33	RNA binding motif protein 33 [Source:HGNC Symbol;Acc:HGNC:27223]	-0.4100258	
RBBP6	"RB binding protein 6, ubiquitin ligase [Source:HGNC Symbol;Acc:HGNC:9889]"	-0.4102118	
PARP14	poly(ADP-ribose) polymerase family member 14 [Source:HGNC Symbol;Acc:HGNC:29232]	-0.4109248	
SLC30A4	solute carrier family 30 member 4 [Source:HGNC Symbol;Acc:HGNC:11015]	-0.41191632	
IDS	iduronate 2-sulfatase [Source:HGNC Symbol;Acc:HGNC:5389]	-0.4122271	
CREBRF	CREB3 regulatory factor [Source:HGNC Symbol;Acc:HGNC:24050]	-0.41251802	
PHACTR1	phosphatase and actin regulator 1 [Source:HGNC Symbol;Acc:HGNC:20990]	-0.4162023	
GTF2B	general transcription factor IIB [Source:HGNC Symbol;Acc:HGNC:4648]	-0.4164769	
TRIB2	tribbles pseudokinase 2 [Source:HGNC Symbol;Acc:HGNC:30809]	-0.41695103	
KDM6A	lysine demethylase 6A [Source:HGNC Symbol;Acc:HGNC:12637]	-0.41704157	
MBNL2	muscleblind like splicing regulator 2 [Source:HGNC Symbol;Acc:HGNC:16746]	-0.41903734	
CNST	"consortin, connexin sorting protein [Source:HGNC Symbol;Acc:HGNC:26486]"	-0.41929394	
CCDC144A	coiled-coil domain containing 144A [Source:HGNC Symbol;Acc:HGNC:29072]	-0.4203774	
ZNF394	zinc finger protein 394 [Source:HGNC Symbol;Acc:HGNC:18832]	-0.4215888	
MYBL1	MYB proto-oncogene like 1 [Source:HGNC Symbol;Acc:HGNC:7547]	-0.42238286	
ERO1B	endoplasmic reticulum oxidoreductase 1 beta [Source:HGNC Symbol;Acc:HGNC:14355]	-0.4252833	
RNGTT	RNA guanylyltransferase and 5'-phosphatase [Source:HGNC Symbol;Acc:HGNC:10073]	-0.427242	
MAPRE2	microtubule associated protein RP/EB family member 2 [Source:HGNC Symbol;Acc:HGNC:6891]	-0.42742315	
BCL6	BCL6 transcription repressor [Source:HGNC Symbol;Acc:HGNC:1001]	-0.4326048	
ZNF827	zinc finger protein 827 [Source:HGNC Symbol;Acc:HGNC:27193]	-0.4329943	
CHASERR	CHD2 adjacent suppressive regulatory RNA [Source:HGNC Symbol;Acc:HGNC:48626]	-0.43468168	
MIR181A1HG	MIR181A1 host gene [Source:HGNC Symbol;Acc:HGNC:48659]	-0.43534607	
OTULIN	OTU deubiquitinase with linear linkage specificity [Source:HGNC Symbol;Acc:HGNC:25118]	-0.43551084	
PIK3CG	"phosphatidylinositol-4,5-bisphosphate 3-kinase catalytic subunit gamma [Source:HGNC Symbol;Acc:HGNC:8978]"	-0.43588582	
IFITM1	interferon induced transmembrane protein 1 [Source:HGNC Symbol;Acc:HGNC:5412]	-0.44140038	
RASL11A	RAS like family 11 member A [Source:HGNC Symbol;Acc:HGNC:23802]	-0.4416903	
MICAL3	"microtubule associated monooxygenase, calponin and LIM domain containing 3 [Source:HGNC Symbol;Acc:HGNC:24694]"	-0.4423651	
PAG1	phosphoprotein membrane anchor with glycosphingolipid microdomains 1 [Source:HGNC Symbol;Acc:HGNC:30043]	-0.4429476	
CAPN7	calpain 7 [Source:HGNC Symbol;Acc:HGNC:1484]	-0.4439268	
SOCS1	suppressor of cytokine signaling 1 [Source:HGNC Symbol;Acc:HGNC:19383]	-0.45187986	
H1-3	"H1.3 linker histone, cluster member [Source:HGNC Symbol;Acc:HGNC:4717]"	-0.45677215	
CYCS	"cytochrome c, somatic [Source:HGNC Symbol;Acc:HGNC:19986]"	-0.46324205	
RNF19A	"ring finger protein 19A, RBR E3 ubiquitin protein ligase [Source:HGNC Symbol;Acc:HGNC:13432]"	-0.46529186	
TNKS	tankyrase [Source:HGNC Symbol;Acc:HGNC:11941]	-0.46544328	
ATP8A1	ATPase phospholipid transporting 8A1 [Source:HGNC Symbol;Acc:HGNC:13531]	-0.46716267	
GPR18	G protein-coupled receptor 18 [Source:HGNC Symbol;Acc:HGNC:4472]	-0.46725786	
PARP15	poly(ADP-ribose) polymerase family member 15 [Source:HGNC Symbol;Acc:HGNC:26876]	-0.47217909	
RBM38	RNA binding motif protein 38 [Source:HGNC Symbol;Acc:HGNC:15818]	-0.47745043	
CDKN2AIP	CDKN2A interacting protein [Source:HGNC Symbol;Acc:HGNC:24325]	-0.47856185	
AFF4	AF4/FMR2 family member 4 [Source:HGNC Symbol;Acc:HGNC:17869]	-0.48226836	
MMD	monocyte to macrophage differentiation associated [Source:HGNC Symbol;Acc:HGNC:7153]	-0.48885548	
H2AC20	H2A clustered histone 20 [Source:HGNC Symbol;Acc:HGNC:4738]	-0.49355042	
STK17B	serine/threonine kinase 17b [Source:HGNC Symbol;Acc:HGNC:11396]	-0.49527386	
STAG3	stromal antigen 3 [Source:HGNC Symbol;Acc:HGNC:11356]	-0.5002964	
SLC37A1	solute carrier family 37 member 1 [Source:HGNC Symbol;Acc:HGNC:11024]	-0.50564647	
SNHG12	small nucleolar RNA host gene 12 [Source:HGNC Symbol;Acc:HGNC:30062]	-0.51140636	
SRGN	serglycin [Source:HGNC Symbol;Acc:HGNC:9361]	-0.51639843	
H1-4	"H1.4 linker histone, cluster member [Source:HGNC Symbol;Acc:HGNC:4718]"	-0.5167706	
BTAF1	B-TFIID TATA-box binding protein associated factor 1 [Source:HGNC Symbol;Acc:HGNC:17307]	-0.5219233	
OSER1	oxidative stress responsive serine rich 1 [Source:HGNC Symbol;Acc:HGNC:16105]	-0.5243859	
BCAS2	BCAS2 pre-mRNA processing factor [Source:HGNC Symbol;Acc:HGNC:975]	-0.5316164	
SC5D	sterol-C5-desaturase [Source:HGNC Symbol;Acc:HGNC:10547]	-0.5389749	
DBF4	DBF4 zinc finger [Source:HGNC Symbol;Acc:HGNC:17364]	-0.54048985	
SIAH2	siah E3 ubiquitin protein ligase 2 [Source:HGNC Symbol;Acc:HGNC:10858]	-0.5443505	
KLHL6	kelch like family member 6 [Source:HGNC Symbol;Acc:HGNC:18653]	-0.5492722	
G3BP2	G3BP stress granule assembly factor 2 [Source:HGNC Symbol;Acc:HGNC:30291]	-0.55613065	
RLIM	"ring finger protein, LIM domain interacting [Source:HGNC Symbol;Acc:HGNC:13429]"	-0.5641323	
FAM102A	family with sequence similarity 102 member A [Source:HGNC Symbol;Acc:HGNC:31419]	-0.5699408	
SSBP4	single stranded DNA binding protein 4 [Source:HGNC Symbol;Acc:HGNC:15676]	-0.5709164	
NUP58	nucleoporin 58 [Source:HGNC Symbol;Acc:HGNC:20261]	-0.5830638	
VCPKMT	valosin containing protein lysine methyltransferase [Source:HGNC Symbol;Acc:HGNC:20352]	-0.58486587	
B4GALT1	"beta-1,4-galactosyltransferase 1 [Source:HGNC Symbol;Acc:HGNC:924]"	-0.58793133	
SNIP1	Smad nuclear interacting protein 1 [Source:HGNC Symbol;Acc:HGNC:30587]	-0.58910507	
RNF139	ring finger protein 139 [Source:HGNC Symbol;Acc:HGNC:17023]	-0.58939403	
RLF	RLF zinc finger [Source:HGNC Symbol;Acc:HGNC:10025]	-0.59206235	
TOGARAM1	TOG array regulator of axonemal microtubules 1 [Source:HGNC Symbol;Acc:HGNC:19959]	-0.59977233	
TLE4	"TLE family member 4, transcriptional corepressor [Source:HGNC Symbol;Acc:HGNC:11840]"	-0.6031773	
NUFIP2	nuclear FMR1 interacting protein 2 [Source:HGNC Symbol;Acc:HGNC:17634]	-0.6065505	
ST8SIA4	"ST8 alpha-N-acetyl-neuraminide alpha-2,8-sialyltransferase 4 [Source:HGNC Symbol;Acc:HGNC:10871]"	-0.61018884	
NEIL1	nei like DNA glycosylase 1 [Source:HGNC Symbol;Acc:HGNC:18448]	-0.61294824	
ALG13	ALG13 UDP-N-acetylglucosaminyltransferase subunit [Source:HGNC Symbol;Acc:HGNC:30881]	-0.6162155	
HERPUD2	HERPUD family member 2 [Source:HGNC Symbol;Acc:HGNC:21915]	-0.6172282	
TLR1	toll like receptor 1 [Source:HGNC Symbol;Acc:HGNC:11847]	-0.62084925	
ARRDC3	arrestin domain containing 3 [Source:HGNC Symbol;Acc:HGNC:29263]	-0.62114793	
SBDS	SBDS ribosome maturation factor [Source:HGNC Symbol;Acc:HGNC:19440]	-0.6212479	
DNAJB9	DnaJ heat shock protein family (Hsp40) member B9 [Source:HGNC Symbol;Acc:HGNC:6968]	-0.6299235	
LY9	lymphocyte antigen 9 [Source:HGNC Symbol;Acc:HGNC:6730]	-0.63517916	
TAGAP	T cell activation RhoGTPase activating protein [Source:HGNC Symbol;Acc:HGNC:15669]	-0.6366155	
RBM3	RNA binding motif protein 3 [Source:HGNC Symbol;Acc:HGNC:9900]	-0.6396975	
DDIT4	DNA damage inducible transcript 4 [Source:HGNC Symbol;Acc:HGNC:24944]	-0.6398858	
GPR183	G protein-coupled receptor 183 [Source:HGNC Symbol;Acc:HGNC:3128]	-0.64228123	
RGCC	regulator of cell cycle [Source:HGNC Symbol;Acc:HGNC:20369]	-0.64766574	
PIM2	"Pim-2 proto-oncogene, serine/threonine kinase [Source:HGNC Symbol;Acc:HGNC:8987]"	-0.65086335	
CD83	CD83 molecule [Source:HGNC Symbol;Acc:HGNC:1703]	-0.651499	
TSC22D3	TSC22 domain family member 3 [Source:HGNC Symbol;Acc:HGNC:3051]	-0.6559235	
YPEL5	yippee like 5 [Source:HGNC Symbol;Acc:HGNC:18329]	-0.65968114	
KDM2A	lysine demethylase 2A [Source:HGNC Symbol;Acc:HGNC:13606]	-0.6600353	
CLEC2B	C-type lectin domain family 2 member B [Source:HGNC Symbol;Acc:HGNC:2053]	-0.6836836	
BACH1	BTB domain and CNC homolog 1 [Source:HGNC Symbol;Acc:HGNC:935]	-0.6855432	
TSPYL2	TSPY like 2 [Source:HGNC Symbol;Acc:HGNC:24358]	-0.6967989	
CFAP20	cilia and flagella associated protein 20 [Source:HGNC Symbol;Acc:HGNC:29523]	-0.70397514	
SNHG3	small nucleolar RNA host gene 3 [Source:HGNC Symbol;Acc:HGNC:10118]	-0.7047574	
CYP51A1	cytochrome P450 family 51 subfamily A member 1 [Source:HGNC Symbol;Acc:HGNC:2649]	-0.7426765	
SERPINB9	serpin family B member 9 [Source:HGNC Symbol;Acc:HGNC:8955]	-0.7740984	
SNHG1	small nucleolar RNA host gene 1 [Source:HGNC Symbol;Acc:HGNC:32688]	-0.7830523	
ATF7IP2	activating transcription factor 7 interacting protein 2 [Source:HGNC Symbol;Acc:HGNC:20397]	-0.79220265	
SLC2A3	solute carrier family 2 member 3 [Source:HGNC Symbol;Acc:HGNC:11007]	-0.8077491	
ATP2B1-AS1	ATP2B1 antisense RNA 1 [Source:HGNC Symbol;Acc:HGNC:27883]	-0.8107756	
TP53INP1	tumor protein p53 inducible nuclear protein 1 [Source:HGNC Symbol;Acc:HGNC:18022]	-0.817189	
AMD1	adenosylmethionine decarboxylase 1 [Source:HGNC Symbol;Acc:HGNC:457]	-0.83418703	
SNHG9	small nucleolar RNA host gene 9 [Source:HGNC Symbol;Acc:HGNC:33102]	-0.8350383	
FNIP1	folliculin interacting protein 1 [Source:HGNC Symbol;Acc:HGNC:29418]	-0.85438496	
LINC-PINT	"long intergenic non-protein coding RNA, p53 induced transcript [Source:HGNC Symbol;Acc:HGNC:26885]"	-0.8774237	
EIF2AK3	eukaryotic translation initiation factor 2 alpha kinase 3 [Source:HGNC Symbol;Acc:HGNC:3255]	-0.8780271	
KMT2E-AS1	KMT2E antisense RNA 1 [Source:HGNC Symbol;Acc:HGNC:40845]	-0.8830827	
GLA	galactosidase alpha [Source:HGNC Symbol;Acc:HGNC:4296]	-0.8937543	
CITED2	Cbp/p300 interacting transactivator with Glu/Asp rich carboxy-terminal domain 2 [Source:HGNC Symbol;Acc:HGNC:1987]	-0.9235281	
ZNF669	zinc finger protein 669 [Source:HGNC Symbol;Acc:HGNC:25736]	-0.9279255	
PTGER4	prostaglandin E receptor 4 [Source:HGNC Symbol;Acc:HGNC:9596]	-0.9415217	
TENT5C	terminal nucleotidyltransferase 5C [Source:HGNC Symbol;Acc:HGNC:24712]	-1.0145197	
CREM	cAMP responsive element modulator [Source:HGNC Symbol;Acc:HGNC:2352]	-1.0207344	
H2BC4	H2B clustered histone 4 [Source:HGNC Symbol;Acc:HGNC:4757]	-1.0440468	
KBTBD8	kelch repeat and BTB domain containing 8 [Source:HGNC Symbol;Acc:HGNC:30691]	-1.0593143	
DUSP10	dual specificity phosphatase 10 [Source:HGNC Symbol;Acc:HGNC:3065]	-1.0885091	
MTMR6	myotubularin related protein 6 [Source:HGNC Symbol;Acc:HGNC:7453]	-1.1192507	
FAM53C	family with sequence similarity 53 member C [Source:HGNC Symbol;Acc:HGNC:1336]	-1.2136109	
RRP12	ribosomal RNA processing 12 homolog [Source:HGNC Symbol;Acc:HGNC:29100]	-1.2266974	
RASGEF1B	RasGEF domain family member 1B [Source:HGNC Symbol;Acc:HGNC:24881]	-1.3047416	
SREBF2-AS1	SREBF2 antisense RNA 1 [Source:HGNC Symbol;Acc:HGNC:53953]	-1.3107103	
RGS1	regulator of G protein signaling 1 [Source:HGNC Symbol;Acc:HGNC:9991]	-1.3466389	
KIF9	kinesin family member 9 [Source:HGNC Symbol;Acc:HGNC:16666]	-1.3980728	
OTUD1	OTU deubiquitinase 1 [Source:HGNC Symbol;Acc:HGNC:27346]	-1.4033308	
CD69	CD69 molecule [Source:HGNC Symbol;Acc:HGNC:1694]	-1.4357444	
CSKMT	citrate synthase lysine methyltransferase [Source:HGNC Symbol;Acc:HGNC:33113]	-1.4541674	
ZNF331	zinc finger protein 331 [Source:HGNC Symbol;Acc:HGNC:15489]	-1.464202	
ZNF10	zinc finger protein 10 [Source:HGNC Symbol;Acc:HGNC:12879]	-1.4670554	
ZBTB10	zinc finger and BTB domain containing 10 [Source:HGNC Symbol;Acc:HGNC:30953]	-1.8671011	
